,Domain,CC ProtT5 Average,CC BLOSUM Average,CC Best BLOSUM,CC P-Val,DD ProtT5 Average,DD BLOSUM Average,DD Best BLOSUM,DD P-Val,POS ProtT5 Average,POS BLOSUM Average,POS Best BLOSUM,POS P-Val,SEQ ProtT5 Average,SEQ BLOSUM Average,SEQ Best BLOSUM,SEQ P-Val,SSP ProtT5 Average,SSP BLOSUM Average,SSP Best BLOSUM,SSP P-Val
0,cd00012,0.044057,0.147151,45,1.4521e-276,0.024188,0.14445,45,2.3869e-263,0.69564,0.961658,45,3.0352e-284,0.609966,0.760355,62,7.5011e-156,0.813924,0.980243,45,3.9886e-284
1,cd00083,0.006303,0.035621,45,1.1643e-127,0.00197,0.014066,45,7.1273e-120,0.08685,0.399774,45,9.5723e-122,0.07648,0.381309,45,1.9909e-121,0.155935,0.477101,45,8.8391e-122
2,cd00173,0.034621,0.305224,50,4.8660e-36,0.008247,0.287321,50,2.0112e-34,0.458926,0.789134,50,1.3617e-38,0.430963,0.738506,50,2.2963e-38,0.576673,0.86575,50,4.7904e-39
3,cd00637,0.004128,0.01791,45,0.0000e+00,0.000939,0.005345,62,0.0000e+00,0.131619,0.409391,45,0.0000e+00,0.108274,0.387965,62,0.0000e+00,0.223906,0.570135,62,0.0000e+00
4,cd01040,0.00516,0.033815,45,5.4415e-293,0.001026,0.009864,45,1.4549e-299,0.120849,0.421706,45,5.2578e-298,0.100485,0.40776,45,4.7076e-299,0.203581,0.548073,45,6.8638e-300
5,cd01068,0.002777,0.033364,45,4.0038e-27,0.000677,0.007907,45,1.4668e-28,0.109345,0.423038,45,6.3834e-29,0.106759,0.419949,45,6.3846e-29,0.177767,0.532521,45,6.1565e-29
6,cd10140,0.061141,0.085884,45,6.9977e-84,0.012621,0.036656,45,8.8338e-90,0.737175,0.86948,45,4.4518e-54,0.690719,0.782529,62,6.7990e-20,0.843465,0.929683,45,6.7037e-54
7,cd21116,0.010109,0.04564,45,5.3864e-54,0.003681,0.023106,45,2.5144e-54,0.325499,0.625895,45,5.6905e-53,0.284632,0.601228,45,4.3838e-53,0.456205,0.75628,45,5.0268e-53
